<?xml version="1.0" encoding="UTF-8"?>
<!--
    Document   : elencoAnnunci.xml
    Author     : Mattia Cavenaghi, matricola 736856
    Descrizione: File XML contente i dati degli annunci
-->

<annunci xmlns:xsi="http://www.w3.org/2001/XMLSchema-instance" xsi:noNamespaceSchemaLocation="schemaElencoAnnunci.xsd">
    <annuncio id="1" autore="mrossi" data="2005-03-02" tipologia="vendo">
        <titolo>Enciclopedia Britannica</titolo>
        <testo>Vendo i primi dieci volumi dell'enciclopedia britannica.</testo>
        <immagine>encbritannica.jpg</immagine>
        <prezzo valuta="euro">1500</prezzo>
        <contatto tipologia="telefono">1234567890</contatto>
    </annuncio>
    <annuncio id="2" autore="mrossi" data="2009-10-02" tipologia="cerco">
        <titolo>Il piccolo principe</titolo>
        <testo>Cerco il libro "Il piccolo principe", prima edizione italiana.</testo>
        <immagine></immagine>
        <prezzo valuta="euro">5</prezzo>
        <contatto tipologia="posta">Via Buonarrotti n.21, Roma</contatto>
    </annuncio>
    <annuncio id="3" autore="agialli" data="2004-07-22" tipologia="vendo">
        <titolo>Il piccolo principe</titolo>
        <testo>Vendo il libro "Il piccolo principe", prima edizione italiana.</testo>
        <immagine>il-piccolo-principe1.jpg</immagine>
        <prezzo valuta="dollaro">4.5</prezzo>
        <contatto tipologia="mail">mcavenaghi@crema.unimi.it</contatto>
    </annuncio>
    <annuncio id="4" autore="mrossi" data="2007-10-02" tipologia="vendo">
        <titolo>Pescare nel 2000</titolo>
        <testo>Vendo manuale di pesca</testo>
        <immagine></immagine>
        <prezzo valuta="euro">150</prezzo>
        <contatto tipologia="posta">Via Buonarrotti n.21, Roma</contatto>
    </annuncio>
    <annuncio id="5" autore="mrossi" data="2007-10-02" tipologia="cerco">
        <titolo>Pescare nel 2000</titolo>
        <testo>Vendo manuale di pesca</testo>
        <immagine></immagine>
        <prezzo valuta="dollaro">150</prezzo>
        <contatto tipologia="posta">Via Buonarrotti n.21, Roma</contatto>
    </annuncio>
</annunci>