<?xml version="1.0" encoding="UTF-8"?>
<?xml-stylesheet type="text/xsl" href="catalogoAccreditati.xsl"?>

<catalogo xmlns:xsi="http://www.w3.org/2001/XMLSchema-instance" xsi:noNamespaceSchemaLocation="catalogo.xsd">
    <prodotto>
	          <tipo>bagno</tipo>
	          <marca>ikea</marca>
	          <modello>svezia</modello>
	          <codice>az123</codice>
			<foto>bagno.jpg</foto>
	          <prezzo>1500</prezzo>
    </prodotto>
    <prodotto>
	          <tipo>salotto</tipo>
	          <marca>doimo</marca>
	          <modello>relax</modello>
	          <codice>bz123</codice>
			  <foto>divano.jpg</foto>
	          <prezzo>800</prezzo>
    </prodotto>
    <prodotto>
	          <tipo>cucina</tipo>
	          <marca>record</marca>
	          <modello>chef</modello>
	          <codice>cd397</codice>
			  <foto>cucina.jpg</foto>
	          <prezzo>9500</prezzo>
    </prodotto>
</catalogo>
